{
    "Linear Regression": {
        "MAE": 0.4519332299237545,
        "RMSE": 0.5936631817392817,
        "MAPE": 2.18040880368626
    },
    "LSTM": {
        "MAE": 0.6954903581458872,
        "RMSE": 0.8988214846019691,
        "MAPE": 3.338602784591043
    }
}